日期,IT指数,采矿指数,餐饮指数,地产指数,公共指数,建筑指数,金融指数,科研指数,农林指数,批零指数,商务指数,水电指数,文化指数,运输指数,制造指数,综企指数
2013/3/5,671.334,2391.742,960.071,1360.112,940.71,1380.544,791.62,962.77,759.173,1000.963,980.475,630.732,720.718,785.769,1022.293,489.873
2013/3/6,690.304,2401.35,979.095,1373.63,937.343,1386.396,793.475,969.881,760.615,1022.988,985.628,642.134,742.47,802.416,1040.008,494.879
2013/3/7,673.726,2431.344,970.334,1380.263,920.769,1371.435,783.008,955.614,749.401,1008.914,972.662,631.424,730.685,800.523,1027.21,517.287
2013/3/8,657.621,2421.987,961.9,1360.133,918.168,1364.417,763.328,945.315,740.012,1004.249,967.261,625.664,727.498,795.397,1017.454,509.264
2013/3/11,658.045,2401.725,951.432,1372.786,926.105,1373.894,752.86,946.26,730.246,1008.221,960.589,626.574,721.913,793.386,1018.618,499.563
2013/3/12,635.046,2356.562,930.16,1369.843,913.947,1341.936,738.887,919.898,710.826,980.706,936.962,613.876,693.366,781.7,992.748,507.108
2013/3/13,628.888,2371.26,927.794,1343.805,896.766,1324.374,736.046,905.95,697.928,967.645,931.122,608.226,693.205,773.829,984.295,498.365
2013/3/14,634.71,2368.189,922.969,1337.544,903.747,1350.008,730.406,919.061,696.465,973.743,942.947,609.87,701.124,772.291,989.121,494.264
2013/3/15,641.168,2363.661,931.783,1312.626,912.372,1345.76,741.751,921.068,695.46,977.574,949.231,613.381,712.704,772.688,993.026,491.43
2013/3/18,638.438,2323.538,933.364,1321.254,926.708,1292.504,725.866,908.586,688.811,966.517,941.28,618.943,716.85,758.691,979.602,477.082
2013/3/19,636.333,2320.978,935.099,1354.902,931.98,1310.749,734.815,911.678,687.313,972.157,941.584,622.409,707.804,763.992,978.104,492.043
2013/3/20,655.913,2379.406,950.464,1386.649,957.329,1363.094,775.066,941.347,701.046,991.285,954.736,639.626,723.814,780.995,1004.2,500.561
2013/3/21,668.294,2378.553,950.832,1373.928,970.166,1370.091,771.991,954.098,704.447,997.976,961.626,650.923,730.057,784.28,1016.464,505.998
2013/3/22,668.891,2384.268,941.793,1377.705,969.638,1365.267,771.867,960.349,699.673,1010.603,962.137,651.663,726.625,788.051,1018.785,532.259
2013/3/25,662.403,2390.881,937.468,1387.967,970.614,1360.189,759.813,961.659,701.355,1008.852,960.657,650.403,717.594,793.117,1018.22,529.035
2013/3/26,665.273,2329.497,932.717,1383.024,961.96,1352.676,740.815,956.329,698.627,995.02,960.646,641.234,721.127,781.954,1011.872,521.018
2013/3/27,667.442,2329.638,926.703,1391.664,960.555,1353.352,743.106,959.052,701.911,1000.112,961.573,644.542,729.474,784.937,1013.971,519.673
2013/3/28,650.929,2259.804,902.462,1351.403,946.407,1320.897,684.408,935.239,687.827,973.172,946.463,626.306,710.367,759.758,990.827,490.086
2013/3/29,648.462,2245.288,895.141,1339.332,942.875,1338.629,680.703,939.374,692.801,971.927,954.393,620.013,709.203,759.374,989.102,491.886
2013/4/1,659.762,2238.388,895.375,1367.269,966.346,1346.886,687.546,954.913,694.72,977.317,959.918,631.769,708.78,767.339,993.793,493.254
2013/4/2,645.351,2242.399,869.88,1389.315,945.649,1324.801,695.662,930.504,701.877,969.532,947.838,628.303,692.57,766.261,975.834,497.915
2013/4/3,636.887,2238.208,868.95,1376.989,927.653,1311.9,692.757,914.378,683.228,966.67,942.731,619.299,694.254,759.663,968.737,487.409
2013/4/4,636.887,2238.208,868.95,1376.989,927.653,1311.9,692.757,914.378,683.228,966.67,942.731,619.299,694.254,759.663,968.737,487.409
2013/4/5,636.887,2238.208,868.95,1376.989,927.653,1311.9,692.757,914.378,683.228,966.67,942.731,619.299,694.254,759.663,968.737,487.409
2013/4/8,652.894,2223.432,868.013,1359.484,925.745,1319.02,682.36,933.223,679.252,965.952,945.603,623.692,706.409,751.878,977.358,483.372
2013/4/9,663.748,2251.128,880.56,1375.774,932.981,1349.804,688.924,942.613,688.652,969.505,949.7,628.41,709.198,762.974,983.631,489.876
2013/4/10,657.853,2265.599,878.276,1381.121,920.999,1351.508,679.436,931.446,682.674,965.104,946.217,621.767,704.744,761.287,978.426,484.433
2013/4/11,653.487,2229.345,872.549,1378.666,924.395,1368.533,675.586,925.215,680.74,959.712,940.246,620.231,704.222,761.727,975.765,487.409
2013/4/12,650.133,2203.718,864.998,1369.864,923.216,1361.716,659.224,914.097,669.751,949.085,942.831,612.967,712.708,751.427,969.314,488.618
2013/4/15,640.874,2128.817,842.887,1374.711,916.1,1371.407,655.465,900.675,659.972,940.416,932.022,605.275,716.598,741.892,953.848,482.862
2013/4/16,646.39,2132.207,844.672,1424.763,933.107,1390.425,670.164,922.442,664.994,949.289,942.559,611.72,726.475,747.951,961.78,491.366
2013/4/17,660.077,2122.788,856.576,1425.035,945.404,1409.583,667.789,938.85,670.357,958.218,966.523,610.244,743.454,752.016,973.647,498.711
2013/4/18,665.49,2127.887,854.602,1427.373,946.414,1405.905,680.248,945.033,672.342,959.609,979.541,617.343,757.616,755.28,975.163,498.25
2013/4/19,679.015,2186.379,872.18,1449.567,963.278,1434.134,709.294,966.073,683.868,975.785,1000.732,636.286,761.616,766.868,996.015,504.136
2013/4/22,691.997,2181.92,874.383,1426.746,974.548,1440.279,709.017,988.024,688.343,978.848,1032.082,634.871,793.287,767.26,1002.703,503.551
2013/4/23,675.218,2117.483,857.859,1380.586,943.123,1384.191,672.643,965.61,673.171,953.994,1018.134,620.958,779.806,751.855,975.869,490.026
2013/4/24,701.614,2152.367,870.725,1390.415,954.413,1413.604,695.889,1006.693,682.14,965.641,1050.842,631.597,826.145,765.449,997.847,499.802
2013/4/25,685.229,2125.106,867.266,1356.067,933.338,1384.284,686.403,993.548,685.818,947.809,1041.016,614.885,804.045,749.954,981.31,492.778
2013/4/26,671.262,2100.467,847.889,1354.754,915.716,1353.059,683.671,965.46,671.278,935.526,1020.506,600.044,812.856,738.327,963.152,476.427
2013/4/29,671.262,2100.467,847.889,1354.754,915.716,1353.059,683.671,965.46,671.278,935.526,1020.506,600.044,812.856,738.327,963.152,476.427
2013/4/30,671.262,2100.467,847.889,1354.754,915.716,1353.059,683.671,965.46,671.278,935.526,1020.506,600.044,812.856,738.327,963.152,476.427
2013/5/1,671.262,2100.467,847.889,1354.754,915.716,1353.059,683.671,965.46,671.278,935.526,1020.506,600.044,812.856,738.327,963.152,476.427
2013/5/2,684.223,2066.688,841.433,1377.213,931.353,1361.819,689.657,981.857,682.136,934.644,1044.756,602.321,844.161,737,968.312,477.299
2013/5/3,698.286,2099.453,851.187,1394.164,945.112,1389.964,712.442,1009.072,685.308,953.519,1068.396,612.627,874.188,742.564,987.483,506.946
2013/5/6,720.304,2156.227,864.128,1396.638,966.223,1410.922,728.225,1030.948,693.953,970.239,1069.054,620.592,877.573,746.494,1006.814,518.201
2013/5/7,719.015,2194.953,873.288,1413.886,975.061,1417.021,719.999,1022.402,690.324,973.596,1060.651,629.237,882.938,740.402,1007.677,525.162
2013/5/8,733.806,2197.318,871.513,1423.716,974.105,1431.471,718.8,1031.827,691.643,979.465,1076.246,631.974,934.404,746.663,1020.045,521.85
2013/5/9,757.175,2181.086,866.31,1404.322,974.276,1415.279,718.107,1046.582,692.7,988.005,1069.985,632.48,938.369,742.389,1022.771,521.523
2013/5/10,751.037,2192.049,879.109,1419.111,982.664,1418.584,716.12,1043.506,699.569,993.507,1075.902,637.326,901.24,749.216,1027.312,526.609
2013/5/13,761.274,2181.585,883.745,1408.286,977.776,1423.016,705.978,1049.87,706.207,989.881,1075.039,640.88,909.217,753.109,1032.092,524.117
2013/5/14,741.019,2147.514,872.917,1386.49,965.418,1399.516,692.7,1027.736,701.792,974.858,1065.804,635.421,885.517,745.719,1018.127,524.862
2013/5/15,760.679,2149.732,893.05,1388.576,1008.047,1410.149,694.816,1057.951,706.285,986.041,1089.229,640.116,936.98,749.591,1033.963,525.139
2013/5/16,760.725,2171.945,891.638,1445.666,1022.194,1437.253,723.049,1047.561,710.323,997.713,1130.822,644.283,930.254,754.552,1041.794,541.094
2013/5/17,776.841,2241.12,905.524,1493.348,1040.969,1501.266,728.249,1063.457,720.312,1010.348,1167.457,650.489,962.669,761.745,1055.047,546.974
2013/5/20,809.589,2266.341,919.229,1484.506,1049.096,1556.735,742.107,1092.585,731.798,1018.624,1165.71,657.886,1008.279,767.631,1069.026,549.269
2013/5/21,836.221,2274.548,929.2,1498.912,1058.473,1592.245,743.335,1117.026,730.574,1033.931,1186.263,665.656,1032.074,773.286,1082.723,566.213
2013/5/22,807.824,2265.4,919.097,1513.347,1035.992,1559.374,744.609,1079.367,731.322,1023.924,1169.124,653.76,1005.364,769.73,1073.058,575.026
2013/5/23,806.556,2216.304,907.083,1499.576,1030.19,1569.747,731.181,1085.191,722.121,1016.918,1165.301,648.295,1000.299,766.447,1066.254,567.892
2013/5/24,830.235,2228.153,911.085,1498.294,1038.77,1600.892,737.289,1109.097,725.836,1024.612,1208.287,653.648,1037.31,772.578,1083.379,583.882
2013/5/27,834.278,2220.537,928.156,1491.229,1065.788,1630.896,739.012,1123.364,739.842,1029.888,1238.28,662.11,1033.373,777.728,1091.843,586.61
2013/5/28,807.288,2268.923,940.498,1552.228,1064.016,1623.16,766.633,1100.963,745.26,1039.965,1223.798,665.664,991.563,784.486,1087.07,578.771
2013/5/29,817.466,2266.921,964.953,1552.809,1070.546,1633.509,756.364,1106.847,743.324,1047.123,1228.352,669.606,999.611,785.215,1094.702,589.615
2013/5/30,825.74,2267.622,968.595,1549.673,1065.246,1627.201,757.355,1114.165,746.834,1046.795,1215.023,667.515,1030.284,789.658,1095.365,590.338
2013/5/31,824.087,2264.541,977.336,1517.46,1073.943,1592.534,747.41,1104.556,739.592,1043.389,1193.103,662.199,1035.071,782.263,1087.915,586.842
2013/6/3,810.465,2245.112,968.151,1524.102,1049.167,1576.014,745.756,1066.043,731.428,1041.887,1166.258,659.058,1047.675,778.517,1078.798,580.622
2013/6/4,785.932,2212.719,940.049,1505.743,1028.517,1543.218,739.746,1031.545,715.748,1025.415,1147.399,653.064,993.859,764.331,1055.769,582.532
2013/6/5,795.04,2218.427,942.412,1507.726,1040.159,1539.091,739.766,1039.261,716.45,1032.83,1167.848,656.245,998.538,769.397,1061.508,579.4
2013/6/6,791.793,2199.246,939.99,1472.149,1018.517,1508.676,724.782,1031.98,709.226,1015.132,1168.904,647.45,993.744,760.477,1046.98,563.284
2013/6/7,789.039,2151.046,915.476,1437.263,1017.25,1489.811,700.885,1032.826,693.371,989.623,1165.022,633.272,1000.252,743.348,1031.083,561.979
2013/6/10,789.039,2151.046,915.476,1437.263,1017.25,1489.811,700.885,1032.826,693.371,989.623,1165.022,633.272,1000.252,743.348,1031.083,561.979
2013/6/11,789.039,2151.046,915.476,1437.263,1017.25,1489.811,700.885,1032.826,693.371,989.623,1165.022,633.272,1000.252,743.348,1031.083,561.979
2013/6/12,789.039,2151.046,915.476,1437.263,1017.25,1489.811,700.885,1032.826,693.371,989.623,1165.022,633.272,1000.252,743.348,1031.083,561.979
2013/6/13,787.354,2053.675,882.511,1376.261,1001.442,1458.818,666.628,1010.758,668.951,962.049,1135.546,612.286,1002.385,719.712,1001.345,566.573
2013/6/14,825.945,2070.921,893.884,1386.857,1038.955,1502.725,673.722,1040.117,675.899,976.182,1167.171,619.698,1033.916,727.028,1021.669,580.202
2013/6/17,832.149,2073.017,896.149,1359.709,1022.207,1496.799,670.47,1053.186,676.473,978.247,1168.955,621.613,1054.836,727.121,1025.535,607.524
2013/6/18,843.391,2059.407,890.164,1375.903,1026.276,1498.521,677.491,1043.467,678.479,975.574,1165.691,623.964,1053.678,727.337,1027.582,598.962
2013/6/19,836.333,2061.184,876.14,1358.223,1010.325,1492.978,665.528,1025.226,679.631,966.189,1138.473,615.014,1050.871,722.114,1025.889,597.129
2013/6/20,805.253,1974.502,838.307,1322.629,965.137,1447.369,638.504,986.96,660.62,941.477,1095.851,595.803,1048.318,706.653,989.689,558.404
2013/6/21,805.966,1963.399,831.87,1317.622,964.59,1444.859,645.378,985.672,657.602,934.439,1097.207,592.796,1067.578,702.259,983.826,535.493
2013/6/24,765.513,1800.394,777.266,1212.264,896.009,1338.618,587.971,930.998,622.029,874.698,1065.531,554.182,1029.612,660.555,924.937,510.796
2013/6/25,780.094,1762.809,768.562,1190.3,900.488,1317.725,578.424,937.141,618.001,874.026,1075.278,551.123,1015.417,648.247,924.025,497.933
2013/6/26,830.776,1773.122,773.256,1203.661,938.114,1346.225,575.639,970.035,620.611,884.255,1110.829,558.161,1041.196,653.612,947.418,508.939
2013/6/27,814.526,1734.17,762.736,1213.144,924.264,1355.729,560.787,940.161,612.541,874.856,1094.45,560.373,1010.349,645.254,930.427,497.586
2013/6/28,802.929,1739.093,762.615,1275.592,929.717,1388.686,580.501,928.194,608.871,874.884,1097.448,561.381,1003.324,651.409,926.609,500.303
2013/7/1,838.327,1765.582,775.684,1279.155,955.942,1421.838,576.156,961.742,614.876,888.886,1134.789,571.813,1042.7,660.961,946.948,507.359
2013/7/2,854.01,1772.231,783.424,1272.518,968.118,1425.877,576.512,987.114,632.245,902.903,1148.647,574.911,1053.678,666.115,966.764,516.06
2013/7/3,878.229,1759.95,784.422,1243.624,970.343,1402.587,561.312,983.361,628.868,904.801,1170.79,569.094,1072.033,656.03,970.101,524.235
2013/7/4,867.139,1809.834,798.966,1280.052,964.564,1416.117,564.729,989.89,629.63,916.309,1170.12,571.193,1063.236,664.012,975.53,528.543
2013/7/5,846.6,1802.662,794.999,1316.061,952.587,1437.652,569.666,968.221,632.266,912.567,1148.093,570.043,1043.063,662.433,966.886,529.395
2013/7/8,825.235,1707.37,767.644,1287.558,932.061,1368.772,548.82,916.049,614.297,894.1,1131.179,545.518,1024.616,635.772,930.44,497.828
2013/7/9,845.881,1718.436,772.902,1266.098,937.496,1362.272,549.27,911.854,609.406,900.287,1154.596,546.189,1049.248,640.713,934.274,507.561
2013/7/10,863.566,1801.537,796.682,1331.584,969.41,1388.976,575.038,933.978,624.674,922.813,1185.412,565.32,1052.78,662.506,959.248,522.477
2013/7/11,880.858,1879.505,812.42,1385.581,1002.194,1437.462,623.991,962.185,642.242,944.633,1195.299,585.798,1060.401,681.873,984.312,540.463
2013/7/12,894.239,1846.224,812.45,1354.452,999.538,1413.607,611.509,976.444,643.062,932.576,1220.561,581.045,1082.789,670.945,977.472,536.647
2013/7/15,938.379,1866.779,825.644,1362.883,1036.197,1445.872,636.262,1017.912,650.67,952.63,1271.487,589.104,1093.908,678.085,997.622,541.69
2013/7/16,942.241,1879.035,828.249,1361.713,1034.389,1442.092,637.091,1024.714,662.651,963.89,1283.494,593.547,1105.104,684.523,1011.321,553.135
2013/7/17,938.264,1844.562,824.166,1362.141,1015.855,1420.013,620.658,1009.284,649.109,957.272,1270.569,581.761,1132.322,673.155,992.348,534.098
2013/7/18,959.958,1811.858,830.748,1336.943,1008.712,1400.552,607.674,1014.181,651.267,955.812,1270.58,577.029,1153.256,664.696,987.255,535.325
2013/7/19,953.455,1745.358,821.179,1273.594,999.179,1355.442,583.586,1005.265,638.241,954.284,1241.797,561.582,1154.67,649.637,965.097,512.678
2013/7/22,983.961,1780.758,835.428,1267.86,1037.486,1336.559,590.025,1047.028,643.006,972.616,1280.045,572.623,1196.741,655.504,982.999,520.761
2013/7/23,1005.969,1838.429,860.413,1312.847,1071.284,1375.692,616.2,1073.492,654.523,989.822,1324.158,584.266,1204.059,669.035,1011.01,536.056
2013/7/24,1034.865,1819.2,859.513,1287.582,1103.391,1363.601,607.848,1092.72,656.381,990.818,1326.658,589.943,1267.779,669.682,1018.949,536.645
2013/7/25,984.253,1789.315,846.593,1281.275,1059.224,1334.152,609.327,1045.675,652.576,981.742,1274.494,582.991,1258.02,669.796,999.87,533.349
2013/7/26,995.93,1779.594,856.084,1273.002,1073.272,1327.918,599.446,1038.158,650.248,973.411,1270.424,580.646,1300.594,668.09,998.612,538.384
2013/7/29,967.606,1739.823,861.788,1237.566,1041.001,1278.587,583.487,1011.167,642.042,947.301,1241.409,567.816,1320.307,656.526,982.079,549.62
2013/7/30,939.172,1763.726,869.141,1252.416,1031.253,1266.848,598.352,998.126,641.969,947.9,1221.309,571.459,1315.419,659.403,979.064,540.908
2013/7/31,2842.742,5282.186,2600.071,3841.294,3198.333,3854.245,1793.786,3039.482,1948.169,2851.827,3700.798,1724.007,3945.812,1983.328,2943.633,1653.116
2013/8/1,997.607,1809.715,880.229,1307.1,1111.467,1333.844,615.412,1067.864,663.569,971.212,1296.319,588.545,1395.147,677.643,1009.093,560.789
2013/8/2,999.964,1819.422,876.307,1332.025,1109.164,1367.238,609.906,1075.413,674.907,978.857,1293.557,586.905,1372.799,677.634,1011.921,557.2
2013/8/5,1013.52,1851.299,890.65,1339.763,1116.097,1379.939,618.687,1099.656,705.192,997.358,1314.504,593.959,1375.588,689.059,1029.602,560.826
2013/8/6,1024.331,1868.32,911.776,1337.281,1113.184,1374.069,620.756,1100.203,712.477,1030.336,1334.725,605.847,1415.937,694.175,1041.858,568.823
2013/8/7,986.009,1860.088,907.699,1350.646,1093.827,1381.049,615.979,1085.574,706.485,1028.238,1306.482,601.107,1361.935,691.128,1029.041,570.537
2013/8/8,987.523,1852.498,924.453,1341.617,1084.008,1380.685,611.876,1095.344,711.984,1046.057,1314.212,598.347,1367.564,688.864,1035.817,565.755
2013/8/9,969.922,1895.554,929.872,1346.113,1078.399,1371.636,613.687,1082.345,709.837,1049.807,1320.467,599.696,1344.74,690.583,1039.935,562.729
2013/8/12,959.634,1963.028,922.605,1381.033,1090.632,1401.641,638.671,1086.337,723.935,1058.028,1306.674,612.039,1314.613,701.788,1054.044,573.502
2013/8/13,973.081,1954.169,929.537,1391.254,1090.732,1409.554,641.298,1107.648,735.579,1054.756,1302.46,614.569,1327.888,706.762,1059.513,576.497
2013/8/14,991.751,1933.327,946.629,1386.334,1081.71,1401.016,635.681,1096.426,735.636,1055.094,1303.589,607.98,1338.234,706.16,1055.618,575.396
2013/8/15,991.062,1921.664,927.845,1368.494,1064.555,1367.326,622.761,1082.946,711.929,1039.812,1293.411,600.534,1335.084,707.339,1043.209,561.853
2013/8/16,961.043,1892.17,918.636,1359.911,1051.496,1329.672,631.663,1047.523,694.121,1014.818,1246.722,594.475,1270.54,695.956,1019.928,549.843
2013/8/19,996.546,1916.08,941.231,1367.98,1075.695,1351.314,625.882,1075.504,706.735,1034.93,1290.776,597.618,1271.808,703.812,1042.046,560.898
2013/8/20,1004.369,1886.118,946.414,1347.46,1073.399,1344.736,625.475,1080.049,704.11,1039.943,1294.394,593.004,1276.296,699.778,1041.703,558.438
2013/8/21,1005.75,1904.756,935.86,1340.353,1071.382,1344.89,625.167,1086.464,713.316,1064.002,1299.59,599.001,1272.23,702.193,1046.626,564.498
2013/8/22,1028.863,1892.93,937.305,1339.304,1057.833,1343.166,622.031,1090.051,708.009,1063.428,1303.431,595.602,1304.862,696.521,1049.682,560.812
2013/8/23,1037.202,1876.853,936.303,1335.057,1055.723,1335.002,610.594,1102.76,715.359,1074.472,1317.31,588.157,1383.745,692.465,1045.384,560.34
2013/8/26,1056.718,1921.637,961.989,1356.334,1074.907,1364.228,634.319,1126.746,723.832,1090.666,1339.531,599.947,1401.048,711.754,1064.133,569.489
2013/8/27,1071.952,1936.584,962.638,1360.479,1072.56,1383.934,633.782,1122.397,726.988,1103.25,1343.003,601.348,1451.219,743.761,1068.257,577.792
2013/8/28,1065.714,1964.332,941.295,1346.865,1039.844,1361.921,623.899,1110.338,710.985,1089.95,1322.382,594.211,1416.682,759.035,1053.355,570.429
2013/8/29,1059.322,1911.973,952.199,1356.038,1026.906,1349.97,626.849,1093.924,713.624,1100.154,1323.518,596.442,1434.715,772.459,1050.535,571.971
2013/8/30,1001.792,1875.207,948.642,1358.996,1006.918,1336.269,631.425,1066.589,695.736,1104.519,1286.782,593.194,1373.021,807.7,1032.185,562.341
2013/9/2,1020.514,1884.495,954.321,1340.581,1034.852,1345.099,636.915,1081.37,733.753,1110.952,1298.001,594.41,1436.587,769.769,1045.358,560.401
2013/9/3,1042.18,1907.162,982.541,1378.973,1051.249,1372.228,644.995,1087.007,753.947,1119.478,1327.658,600.886,1493.731,773.419,1060.077,588.99
2013/9/4,1038.294,1921.244,965.745,1369.978,1044.789,1375.416,639.958,1076.255,748.995,1119.826,1320.051,599.017,1510.092,770.762,1060.988,591.438
2013/9/5,1066.805,1892.39,958.74,1368.673,1051.688,1367.403,633.43,1086.159,744.988,1124.987,1343.585,596.942,1605.634,766.587,1061.469,586.065
2013/9/6,1072.988,1895.604,967.936,1367.796,1056.323,1373.283,635.904,1103.468,744.817,1120.033,1342.548,601.386,1643.378,775.152,1066.466,591.919
2013/9/9,1073.217,1925.031,970.961,1405.004,1069.614,1394.852,677.345,1103.254,750.616,1131.836,1340.475,610.252,1630.294,803.895,1071.793,595.178
2013/9/10,1065.774,1957.904,964.026,1419.872,1077.94,1396.636,695.887,1105.202,757.906,1159.431,1341.084,619.737,1622.913,834.619,1073.899,599.393
2013/9/11,1023.962,1969.152,968.175,1427.063,1066.775,1387.993,696.95,1091.986,754.878,1149.354,1318.591,617.81,1512.138,816.219,1065.08,601.663
2013/9/12,1031.315,1972.048,978.8,1427.208,1062.615,1378.116,720.991,1084.054,751.246,1172.998,1335.439,620.803,1495.486,821.517,1062.422,600.737
2013/9/13,1051.097,1952.287,989.949,1423.634,1072.879,1375.494,709.694,1087.459,751.058,1179.717,1393.96,619.549,1595.523,830.756,1068.335,598.11
2013/9/16,1063.051,1945.059,1028.755,1405.324,1073.55,1368.418,702.907,1105.005,752.015,1219.62,1455.518,617.829,1642.731,840.153,1070.218,605.096
2013/9/17,1057.794,1900.882,1018.205,1359.395,1062.774,1360.482,687.143,1088.786,728.18,1223.938,1433.049,607.66,1627.726,824.812,1054.513,600.419
2013/9/18,1066.662,1912.621,1043.181,1365.515,1078.484,1351.215,689.141,1097.665,727.684,1241.783,1459.371,608.349,1691.431,826.653,1059.682,606.714
2013/9/19,1066.662,1912.621,1043.181,1365.515,1078.484,1351.215,689.141,1097.665,727.684,1241.783,1459.371,608.349,1691.431,826.653,1059.682,606.714
2013/9/20,1066.662,1912.621,1043.181,1365.515,1078.484,1351.215,689.141,1097.665,727.684,1241.783,1459.371,608.349,1691.431,826.653,1059.682,606.714
2013/9/23,1106.887,1938.887,1053.437,1375.955,1089.04,1366.997,695.84,1115.329,742.522,1290.86,1498.497,618.319,1773.873,846.669,1083.855,611.475
2013/9/24,1113.484,1915.056,1072.295,1352.038,1078.679,1365.703,674.714,1125.962,737.289,1337.126,1519.789,613.375,1729.729,854.849,1085.457,609.522
2013/9/25,1112.575,1901.143,1054.986,1338.208,1058.17,1347.944,666.526,1117.266,738.859,1323.867,1505.54,604.258,1788.049,843.785,1080.696,609.182
2013/9/26,1092.285,1899.702,1016.405,1308.753,1043.107,1309.09,648.797,1103.157,730.221,1293.772,1480.283,593.373,1719.487,824.209,1067.748,593.532
2013/9/27,1093.462,1898.618,1003.198,1304.635,1038.434,1297.865,660.996,1118.306,712.182,1289.258,1501.935,592.388,1795.905,817.125,1072.646,596.646
2013/9/30,1129.35,1901.92,1020.443,1314.245,1051.322,1297.275,653.189,1134.112,730.962,1341.53,1555.82,596.162,1926.673,828.201,1081.785,605.655
2013/10/1,1129.35,1901.92,1020.443,1314.245,1051.322,1297.275,653.189,1134.112,730.962,1341.53,1555.82,596.162,1926.673,828.201,1081.785,605.655
2013/10/2,1129.35,1901.92,1020.443,1314.245,1051.322,1297.275,653.189,1134.112,730.962,1341.53,1555.82,596.162,1926.673,828.201,1081.785,605.655
2013/10/3,1129.35,1901.92,1020.443,1314.245,1051.322,1297.275,653.189,1134.112,730.962,1341.53,1555.82,596.162,1926.673,828.201,1081.785,605.655
2013/10/4,1129.35,1901.92,1020.443,1314.245,1051.322,1297.275,653.189,1134.112,730.962,1341.53,1555.82,596.162,1926.673,828.201,1081.785,605.655
2013/10/7,1129.35,1901.92,1020.443,1314.245,1051.322,1297.275,653.189,1134.112,730.962,1341.53,1555.82,596.162,1926.673,828.201,1081.785,605.655
2013/10/8,1164.175,1928.788,1023.277,1360.066,1099.172,1331.892,665.657,1142.079,753.017,1360.244,1565.337,608.266,1894.417,854.208,1098.848,615.128
2013/10/9,1193.45,1940.98,1030.975,1353.6,1112.568,1341.494,674.057,1136.074,764.348,1377.435,1586.235,614.825,1921.943,879.554,1107.995,626.952
2013/10/10,1180.457,1937.17,1021.208,1358.555,1108.433,1336.305,657.164,1129.912,755.109,1415.794,1566.009,609.04,1772.803,876.59,1100.144,623.419
2013/10/11,1184.094,1966.7,1041.534,1366.337,1133.914,1343.357,673,1137.629,759.475,1424.673,1575.918,618.509,1706.937,879.184,1112.362,627.459
2013/10/14,1198.995,1988.025,1058.918,1349.388,1146.017,1378.104,666.635,1161.099,799.571,1446.467,1581.298,626.592,1744.326,890.892,1122.421,632.048
2013/10/15,1184.339,1996.089,1077.291,1354.694,1139.187,1369.232,662.428,1162.66,802.817,1421.939,1595.184,634.641,1770.578,907.923,1119.632,628.871
2013/10/16,1141.152,1944.392,1066.885,1323.21,1114.224,1330.15,646.268,1141.439,781.767,1386.268,1525.035,626.645,1622.791,874.504,1092.376,612.939
2013/10/17,1125.02,1963.379,1057.469,1323.881,1128.854,1350.494,650.345,1152.983,790.193,1361.549,1518.494,637.266,1570.119,859.983,1093.984,615.086
2013/10/18,1159.672,1969.744,1077.888,1329.94,1142.625,1348.69,661.994,1151.201,779.689,1383.862,1528.44,637.068,1577.768,866.025,1099.149,621.67
2013/10/21,1202.899,2008.17,1079.867,1337.528,1178.029,1375.616,669.665,1181.415,799.932,1430.679,1567.214,653.968,1604.994,879.534,1127.693,636.164
2013/10/22,1139.092,2040.637,1051.458,1329.622,1162.793,1383.165,659.438,1176.305,813.695,1384.95,1540.959,652.711,1478.042,872.304,1119.573,645.837
2013/10/23,1099.039,2023.843,1008.712,1320.844,1135.233,1371.783,669.296,1156.449,776.422,1311.363,1483.333,650.568,1487.454,835.782,1093.984,633.209
2013/10/24,1097.65,1989.196,988.166,1306.063,1126.657,1362.95,669.171,1167.197,779.574,1296.923,1478.468,643.253,1446.371,833.679,1088.297,624.138
2013/10/25,1051.929,1951.999,979.613,1294.078,1111.606,1322.122,675.078,1147.843,760.539,1261.202,1459.14,642.488,1447.686,816.297,1069.756,610.646
2013/10/28,1062.112,1909.281,981.226,1278.939,1093.55,1300.241,669.592,1121.733,776.719,1261.647,1464.337,643.848,1442.519,816.878,1068.535,618.564
2013/10/29,1044.802,1879.131,947.697,1264.524,1073.116,1265.225,693.422,1080.881,760.429,1274.832,1431.117,642.639,1400.386,792.88,1043.821,592.447
2013/10/30,1061.677,1913.56,961.123,1287.686,1087.851,1285.229,702.668,1087.442,772.687,1302.157,1448.09,658.307,1379.669,823.453,1061.58,597.252
2013/10/31,1035.203,1884.482,960.955,1306.941,1075.105,1275.387,687.361,1074.473,751.144,1245.635,1417.76,649.415,1360.934,842.013,1048.445,594.206
2013/11/1,1025.774,1882.631,952.912,1317.053,1057.741,1273.373,690.564,1080.455,744.149,1206.515,1415.64,640.407,1323.596,825.536,1046.473,589.262
2013/11/4,1023.541,1894.985,959.708,1308.745,1075.387,1284.157,679.784,1087.369,754.925,1207.999,1412.596,654.706,1331.964,833.344,1053.425,591.696
2013/11/5,1055.242,1915.922,983.539,1316.373,1095.928,1291.247,681.95,1092.569,781.079,1257.651,1449.748,663.138,1372.946,851.321,1062.946,598.875
2013/11/6,1037.405,1920.006,974.214,1296.426,1088.14,1279.406,666.448,1088.606,774.672,1234.543,1437.093,653.98,1317.575,842.193,1054.039,592.068
2013/11/7,1021.767,1894.948,960.513,1290.319,1082.949,1259.324,667.058,1074.917,774.796,1229.843,1416.306,654.773,1312.893,834.815,1038.86,569.211
2013/11/8,1010.567,1854.906,970.876,1277.199,1065.173,1248.064,657.239,1072.281,754.657,1218.36,1403.068,646.164,1298.552,825.958,1024.078,553.682
2013/11/11,1007.655,1860.954,967.855,1258.824,1060.6,1251.16,658.606,1084.688,749.85,1218.474,1378.142,644.505,1275.814,818.881,1035.915,550.73
2013/11/12,1017.398,1878.437,970.726,1269.708,1070.9,1256.231,676.604,1099.187,742.106,1219.054,1381.164,646.837,1321.04,821.488,1045.758,550.098
2013/11/13,1013.076,1838.809,943.502,1253.941,1054.311,1236.044,649.334,1071.215,742.268,1187.342,1357.881,620.14,1301.736,811.303,1026.78,534.512
2013/11/14,1042.692,1851.659,938.68,1250.418,1065.05,1252.995,646.514,1093.732,754.783,1203.641,1384.569,621.702,1372.678,816.06,1042.337,540.367
2013/11/15,1067.079,1876.906,949.003,1277.239,1088.104,1283.797,668.733,1121.363,771.243,1226.178,1403.286,634.495,1383.186,835.089,1059.946,552.3
2013/11/18,1088.426,1915.347,960.353,1313.319,1114.069,1300.658,701.916,1149.896,797.489,1260.141,1430.521,648.818,1404.35,854.871,1081.118,564.208
2013/11/19,1098.077,1922.603,966.673,1312.886,1118.33,1300.063,690.739,1148.806,799.737,1268.192,1441.704,648.829,1429.649,864.384,1082.72,561.267
2013/11/20,1102.379,1926.489,971.068,1319.408,1116.068,1314.073,697.002,1147.006,802.633,1273.723,1447.316,651.057,1443.371,890.404,1090.981,566.815
2013/11/21,1103.706,1924.799,962.911,1300.968,1092.078,1300.355,694.506,1142.595,808.961,1307.238,1454.458,648.067,1474.173,910.551,1083.895,560.543
2013/11/22,1103.177,1918.441,981.053,1287.456,1079.776,1292.036,688.062,1141.267,808.346,1287.571,1429.979,645.774,1466.463,927.134,1081.277,570.456
2013/11/25,1100.653,1907.407,989.784,1284.192,1082.177,1289.775,683.612,1145.275,808.873,1269.927,1411.106,641.823,1443.416,946.598,1082.465,574.574
2013/11/26,1104.618,1906.508,994.345,1271.946,1078.152,1282.832,687.826,1171.931,810.405,1260.187,1409.783,638.234,1399.534,934.513,1087.443,577.225
2013/11/27,1128.035,1936.277,995.318,1274.416,1095.75,1299.686,701.986,1189.233,814.662,1277.966,1443.328,643.954,1495.038,934.636,1100.967,586.111
2013/11/28,1129.996,1960.667,995.438,1289.782,1097.55,1322.517,704.214,1199.408,817.051,1281.151,1447.435,646.374,1502.803,936.491,1113.833,585.608
2013/11/29,1155.216,1964.561,1001.427,1290.742,1104.664,1333.37,703.003,1216.99,818.685,1289.845,1468.859,647.653,1546.072,926.896,1122.864,591.44
2013/12/2,1066.235,1886.856,940.2,1244.245,1045.695,1266.817,728.32,1135.399,776.702,1202.115,1356.355,634.282,1424.097,868.191,1066.723,566.478
2013/12/3,1066.056,1916.248,963.332,1262.491,1056.837,1305.804,723.678,1155.001,789.609,1220.472,1359.424,650.161,1418.696,892.061,1089.339,571.606
2013/12/4,1061.786,1927.311,973.457,1282.141,1060.891,1339.036,722.402,1167.596,810.208,1237.567,1349.44,659.387,1404.597,924.021,1103.241,573.984
2013/12/5,1027.113,1919.56,971.946,1280.253,1050.303,1326.084,722.562,1151.213,811.032,1231.4,1319.674,658.555,1366.776,914.657,1100.373,578.12
2013/12/6,1027.318,1912.65,981.185,1274.624,1041.905,1342.431,712.856,1147.96,819.592,1231.234,1325.677,657.606,1408.063,916.921,1097.578,577.854
2013/12/9,1045.216,1914.655,988.761,1271.88,1053.125,1346.397,710.341,1161.328,833.226,1234.112,1347.631,659.719,1489.365,925.043,1109.495,582.194
2013/12/10,1041.849,1898.851,999.367,1279.429,1048.013,1338.339,713.545,1165.183,822.297,1249.907,1361.042,653.75,1497.179,928.224,1108.69,583.581
2013/12/11,1045.076,1879.818,990.837,1266.441,1049.194,1325.836,690.66,1164.459,828.343,1236.68,1376.309,647.107,1511.881,921.682,1097.475,567.124
2013/12/12,1071.98,1883.466,993.994,1267.581,1059.434,1336.234,687.906,1176.506,825.709,1246.485,1403.969,646.661,1571.467,911.747,1102.898,563.932
2013/12/13,1070.873,1887.547,987.524,1270.738,1059.025,1345.587,690.239,1189.776,818.836,1244.441,1399.535,648.788,1545.538,914.13,1109.472,560.796
2013/12/16,1059.823,1851.894,975.281,1254.868,1062.499,1323.189,686.46,1187.98,815.179,1203.867,1386.02,639.948,1571.947,890.633,1094.302,554.824
2013/12/17,1045.135,1846.9,977.876,1235.572,1049.867,1307.377,686.058,1168.677,807.619,1200.308,1376.587,637.485,1532.52,883.062,1087.894,551.612
2013/12/18,1040.743,1839.144,967.362,1231.437,1042.319,1298.702,692.526,1163.358,809.95,1211.302,1372.885,640.512,1454.451,882.044,1088.669,556.917
2013/12/19,1038.566,1820.823,960.352,1214.851,1042.952,1292.529,686.702,1158.238,792.799,1190.323,1359.969,635.235,1431.173,875.871,1081.974,553.148
2013/12/20,1024.47,1777.464,954.923,1188.595,1029.039,1263.523,666.298,1148.359,796.733,1200.474,1366.709,622.145,1445.022,874.07,1067.062,542.27
2013/12/23,1021.097,1762.552,951.501,1177.735,1018.909,1257.999,663.369,1152.257,779.891,1191.669,1355.48,623.628,1374.048,874.523,1069.69,541.831
2013/12/24,1034.828,1771.881,961.145,1187,1030.557,1264.486,654.376,1169.098,786.379,1193.141,1365.968,626.506,1400.678,894.207,1080.283,546.319
2013/12/25,1066.418,1792.29,960.79,1195.261,1043.127,1280.804,661.328,1212.199,791.699,1204.67,1385.015,630.996,1435.826,900.643,1096.761,551.694
2013/12/26,1052.761,1768.795,946.339,1178.914,1029.918,1254.199,647.944,1192.567,776.788,1181.122,1362.175,615.257,1390.769,878.206,1077.981,540.767
2013/12/27,1078.416,1785.734,955.264,1199.39,1047.151,1276.416,663.914,1233.287,785.356,1195.285,1392.696,625.379,1399.822,886.394,1097.637,547.704
2013/12/30,1086.24,1779.637,962.802,1191.517,1053.502,1280.203,663.701,1249.6,798.609,1200.809,1406.546,630.581,1416.1,891.351,1101.407,549.29
2013/12/31,1082.044,1797.674,961.975,1208.421,1058.599,1286.503,681.142,1237.661,797.697,1202.347,1429.859,637.765,1422.991,889.952,1103.017,564.397
2014/1/1,1082.044,1797.674,961.975,1208.421,1058.599,1286.503,681.142,1237.661,797.697,1202.347,1429.859,637.765,1422.991,889.952,1103.017,564.397
2014/1/2,1104.426,1795.277,970.31,1202.233,1050.641,1290.34,678.04,1257.909,802.859,1211.778,1414.704,640.073,1446.938,901.157,1116.672,561.232
2014/1/3,1120.434,1786.157,959.675,1182.261,1045.5,1268.163,663.45,1244.844,801.631,1211.938,1454.731,636.577,1478.396,888.344,1114.05,549.502
2014/1/6,1091.988,1725.915,933.469,1138.274,1028.023,1220.093,657.825,1217.595,762.925,1176.915,1432.121,622.333,1412.24,859.738,1086.215,537.164
2014/1/7,1105.709,1734.42,943.837,1133.109,1041.415,1211.65,653.383,1240.89,759.384,1185.106,1424.961,620.586,1417.047,861.748,1094.831,537.271
2014/1/8,1142.033,1732.808,943.338,1122.48,1048.223,1211.552,659.037,1262.69,755.915,1198.505,1457.456,619.113,1495.702,858.943,1102.231,528.852
2014/1/9,1127.468,1707.936,938.751,1122.06,1039.569,1190.241,651.45,1236.079,743.01,1191.692,1443.227,611.354,1493.943,845.917,1083.152,520.539
2014/1/10,1106.001,1677.818,932.235,1105.873,1023.857,1163.182,643.116,1214.131,729.211,1170.529,1407.43,599.632,1482.011,824.246,1065.25,513.963
2014/1/13,1107.378,1685.102,932.123,1091.153,999.717,1157.661,636.867,1206.596,726.905,1162.383,1402.527,592.851,1501.44,822.523,1063.181,511.867
2014/1/14,1135.632,1715.301,943.813,1103.85,1011.786,1170.089,641.999,1239.494,744.505,1184.109,1446.906,602.617,1514.942,843.125,1086.561,515.917
2014/1/15,1152.957,1709.048,963.246,1098.704,1000.011,1168.557,638.874,1248.032,751.634,1200.608,1459.433,598.847,1525.586,846.362,1096.563,524.887
2014/1/16,1134.002,1733.195,949.036,1103.044,994.64,1174.306,640.624,1247.107,743.473,1202.746,1467.268,607.141,1508.52,847.117,1095.673,525.741
2014/1/17,1147.392,1709.318,945.9,1088.555,983.129,1164.064,631.865,1240.069,729.508,1188.444,1455.571,598.335,1528.854,835.815,1082.078,516.422
2014/1/20,1134.76,1685.876,942.651,1087.041,973.184,1158.473,628.792,1220.287,729.754,1187.411,1450.381,593.857,1496.526,825.453,1073.753,513.465
2014/1/21,1162.86,1704.122,947.192,1102.488,986.568,1169.037,636.66,1236.097,728.888,1204.235,1496.669,600.9,1580.614,836.109,1088.48,517.184
2014/1/22,1185.191,1742.452,961.741,1154.194,1017.797,1206.991,654.8,1254.261,744.234,1241.849,1554.922,614.065,1610.241,863.89,1111.548,532.774
2014/1/23,1229.526,1737.212,968.916,1148.552,1029.875,1214.455,649.749,1281.335,743.333,1250.425,1597.236,616.091,1640.795,866.521,1117.807,536.448
2014/1/24,1256.49,1761.497,993.359,1182.953,1049.048,1236.975,652.729,1292.916,749.669,1276.399,1611.855,619.575,1654.053,878.123,1130.09,547.173
2014/1/27,1260.909,1751.952,995.255,1165.634,1029.736,1197.835,639.59,1297.544,741.484,1285.607,1588.396,615.933,1645.833,867.582,1125.198,553.543
2014/1/28,1247.935,1751.751,994.913,1161.621,1032.905,1193.114,643.792,1304.332,733.643,1282.185,1574.771,614.22,1643.216,871.179,1122.171,552.667
2014/1/29,1298.524,1757.099,999.562,1158.42,1032.059,1193.804,647.022,1334.633,730.008,1307.651,1607.655,615.837,1641.702,876.723,1129.567,558.854
2014/1/30,1301.438,1736.751,1002.841,1142.057,1020.856,1189.878,637.211,1321.925,725.451,1286.513,1597.351,614.63,1666.861,879.234,1120.518,557.143
2014/1/31,1301.438,1736.751,1002.841,1142.057,1020.856,1189.878,637.211,1321.925,725.451,1286.513,1597.351,614.63,1666.861,879.234,1120.518,557.143
2014/2/3,1301.438,1736.751,1002.841,1142.057,1020.856,1189.878,637.211,1321.925,725.451,1286.513,1597.351,614.63,1666.861,879.234,1120.518,557.143
2014/2/4,1301.438,1736.751,1002.841,1142.057,1020.856,1189.878,637.211,1321.925,725.451,1286.513,1597.351,614.63,1666.861,879.234,1120.518,557.143
2014/2/5,1301.438,1736.751,1002.841,1142.057,1020.856,1189.878,637.211,1321.925,725.451,1286.513,1597.351,614.63,1666.861,879.234,1120.518,557.143
2014/2/6,1324.382,1756.544,1009.319,1187.632,1033.251,1202.339,662.551,1347.063,733.376,1330.082,1626.91,618.012,1690.382,885.153,1136.035,565.396
2014/2/7,1331.464,1757.282,1015.177,1147.888,1028.683,1199.406,641.295,1347.398,747.532,1306.645,1639.47,624.094,1680.857,889.267,1140.814,567.619
2014/2/10,1347.734,1804.013,1029.011,1171.105,1050.566,1238.302,653.076,1363.407,764.901,1336.63,1662.388,639.18,1675.956,915.508,1176.67,603.794
2014/2/11,1321.725,1832.973,1043.138,1178.096,1071.865,1243.245,663.069,1354.441,769.018,1338.113,1633.942,646.99,1613.07,917.887,1176.294,609.314
2014/2/12,1328.396,1830.542,1052.55,1183.748,1099.796,1275.182,663.173,1387.439,793.343,1353.784,1616.276,649.065,1606.084,935.851,1190.782,613.998
2014/2/13,1291.634,1810.105,1044.644,1166.806,1079.662,1246.383,665.206,1354.536,772.992,1317.797,1567.839,640.745,1556.154,917.109,1171.711,622.12
2014/2/14,1313.877,1835.74,1060.464,1176.743,1097.255,1268.42,664.294,1389.093,783.095,1341.849,1593.5,648.394,1577.868,930.618,1192.357,631.438
2014/2/17,1358.168,1855.394,1067.43,1180.535,1103.627,1304.825,663.606,1420.777,788.955,1372.297,1614.76,657.63,1617.71,945.829,1216.591,637.16
2014/2/18,1353.726,1835.109,1070.286,1171.136,1087.526,1318.031,645.104,1425.89,787.709,1367.048,1602.036,654.841,1587.998,942.666,1214.088,647.862
2014/2/19,1348.29,1855.271,1075.379,1185.031,1085.382,1311.745,656.231,1411.254,783.283,1389.282,1592.894,656.29,1593.131,939.239,1214.611,640.918
2014/2/20,1332.864,1844.064,1066.328,1170.195,1066.887,1283.977,642.781,1386.155,775.371,1364.833,1565.611,650.899,1567.929,925.989,1194.618,626.909
2014/2/21,1342.055,1813.858,1065.55,1152.901,1064.975,1274.714,629.346,1387.84,772.341,1350.912,1551.252,643.939,1565.605,916.81,1191.588,626.93
2014/2/24,1365.414,1790.848,1072.105,1092.87,1059.659,1222.144,615.341,1405.405,764.242,1343.741,1581.989,639.196,1588.062,912.543,1193.983,620.344
2014/2/25,1305.662,1732.576,1063.252,1076.621,1012.525,1181.89,602.09,1338.356,730.118,1288.525,1518.073,622.682,1567.424,884.978,1143.116,594.302
2014/2/26,1309.209,1767.001,1087.047,1087.256,1003.493,1185.059,604.325,1341.334,725.758,1290.774,1503.065,631.093,1517.137,882.247,1150.398,618.593
2014/2/27,1281.773,1734.027,1079.144,1072.548,1003.269,1157.093,604.769,1321.004,716.28,1270.002,1434.686,635.069,1447.555,866.692,1128.505,609.485
2014/2/28,1305.682,1752.595,1088.212,1088.426,1017.819,1175.595,617.652,1333.707,722.523,1281.574,1442.421,642.264,1450.458,880.259,1144.832,631.988
2014/3/3,1329.756,1774.623,1101.32,1090.032,1036.27,1202.181,610.952,1364.462,739.213,1295.958,1485.634,658.525,1457.507,895.946,1167.025,643.481
2014/3/4,1316.206,1783.909,1095.394,1112.013,1026.37,1196.558,609.091,1352.108,735.246,1294.758,1483.97,653.189,1472.131,903.986,1163.918,660.444
2014/3/5,1320.045,1786.499,1096.535,1095.579,1019.262,1201.186,599.198,1341.41,736.012,1300.841,1460.205,649.554,1457.97,902.995,1161.369,644.068
2014/3/6,1324.641,1768.689,1095.135,1145.965,1020.166,1211.463,603.747,1333.554,735.224,1301.152,1460.863,649.57,1476.693,907.975,1159.96,645.029
2014/3/7,1306.068,1781.703,1084.391,1128.901,1009.32,1205.729,598.925,1323.256,727.569,1298.029,1472.494,643.605,1516.954,906.667,1157.539,641.871
2014/3/10,1256.325,1705.717,1060.657,1098.076,987.057,1162.328,579.132,1279.174,706.986,1236.254,1396.299,622.963,1452.727,870.863,1116.66,610.041
2014/3/11,1242.216,1697.557,1050.826,1123.66,988.139,1157.717,577.608,1272.98,702.734,1224.668,1402.58,620.099,1446.533,869.558,1118.936,610.247
2014/3/12,1231.071,1708.82,1054.592,1142.687,985.77,1172.486,579.275,1273.749,701.199,1203.553,1404.822,616.911,1460.325,864.433,1117.077,621.462
2014/3/13,1260.742,1728.263,1061.289,1151.246,1005.049,1174.859,586.985,1291.141,709.528,1220.592,1438.679,629.337,1462.189,871.01,1132.456,624.104
2014/3/14,1258.496,1709.71,1059.992,1144.088,988.217,1161.167,581.393,1278.219,707.951,1207.092,1433.948,625.482,1467.504,868.481,1129.382,628.954
2014/3/17,1298.694,1738.609,1076.109,1168.493,1004.099,1189.793,587.684,1302.56,718.751,1227.741,1458.693,631.533,1480.889,880.843,1153.597,642.459
2014/3/18,1313.619,1736.9,1081.361,1156.979,1009.163,1186.615,583.73,1303.017,727.792,1231.542,1455.986,638.674,1505.05,883.217,1157.069,645.071
2014/3/19,1306.776,1732.961,1081.658,1154.034,986.281,1175.254,578.413,1299.937,721.781,1222.352,1412.345,635.621,1479.974,889.715,1152.43,640.407
2014/3/20,1266.572,1679.418,1064.531,1155.087,962.593,1157.693,570.49,1272.293,708.449,1178.275,1373.033,620.061,1430,862.785,1119.717,610.599
2014/3/21,1280.106,1727.694,1071.205,1210.258,983.183,1184.633,597.303,1290.57,723.41,1202.908,1405.093,631.351,1436.613,873.855,1137.463,623.568
2014/3/24,1255.31,1736.187,1072.927,1242.383,994.505,1193.709,602.158,1296.853,729.285,1208.404,1421.037,638.811,1422.8,886.489,1138.171,628.058
2014/3/25,1257.549,1729.105,1068.994,1227.882,984.343,1204.867,597.095,1282.378,733.851,1217.397,1427.664,643.931,1431.416,893.931,1136.187,625.105
2014/3/26,1270.883,1737.487,1066.748,1219.881,984.475,1194.067,596.883,1290.648,736.268,1224.969,1440.438,640.572,1452.735,891.929,1143.158,627.429
2014/3/27,1226.388,1707.217,1056.05,1229.538,980.79,1170.652,594.396,1256.078,720.183,1201.632,1409.253,631.067,1409.355,893.538,1119.078,615.561
2014/3/28,1181.124,1662.987,1053.842,1232.813,962.068,1155.456,592.293,1214.083,709.482,1170.574,1379.331,619.607,1380.07,894.05,1093.71,604.711
2014/3/31,1184.355,1651.601,1048.289,1228.705,956.117,1138.722,590.674,1201.86,704.56,1159.291,1369.901,619.53,1376.806,878.656,1089.155,603.664
2014/4/1,1213.31,1669.661,1064.18,1237.364,979.872,1159.423,594.796,1213.613,715.976,1176.355,1385.095,625.247,1393.152,893.014,1107.8,614.229
2014/4/2,1189.956,1674.307,1062.973,1274.836,987.688,1166.084,599.07,1190.459,721.347,1171.784,1380.762,625.756,1387.191,889.458,1103.642,606.647
2014/4/3,1192.733,1656.305,1069.506,1249.985,979.111,1166.108,598.071,1191.179,721.023,1171.976,1381.261,621.269,1397.581,877.313,1106.277,607.611
2014/4/4,1212.432,1678.85,1077.204,1252.207,989.455,1170.848,602.192,1210,728.322,1187.33,1410.765,627.099,1417.163,884.777,1119.693,609.524
2014/4/7,1212.432,1678.85,1077.204,1252.207,989.455,1170.848,602.192,1210,728.322,1187.33,1410.765,627.099,1417.163,884.777,1119.693,609.524
2014/4/8,1212.317,1703.288,1085.229,1257.506,1002.995,1182.016,618.653,1222.135,732.612,1198.742,1441.844,633.201,1420.832,890.766,1131.092,614.13
2014/4/9,1232.09,1715.609,1088.144,1253.439,1002.435,1189.164,614.834,1235.602,738.908,1208.193,1467.635,635.137,1437.396,899.903,1142.555,623.032
2014/4/10,1240.571,1723.185,1079.159,1245.438,994.972,1187.962,627.397,1240.87,740.392,1210.223,1478.607,635.778,1443.23,902.055,1147.648,632.164
2014/4/11,1223.964,1709.605,1077.471,1234.095,980.085,1178.752,624.926,1240.741,738.436,1206.045,1459.891,632.865,1438.615,903.289,1145.262,621.335
2014/4/14,1225.908,1718.775,1094.844,1242.058,994.078,1191.554,621.539,1251.991,758.907,1216.947,1461.899,636.105,1455.925,907.176,1151.996,624.865
2014/4/15,1224.77,1697.879,1078.42,1220.939,980.729,1181.437,608.62,1245.479,760.649,1208.425,1480.999,632.667,1444.142,907.957,1142.289,616.753
2014/4/16,1215.74,1690.901,1080.713,1227.878,977.678,1184.548,611.732,1243.954,769.3,1213.975,1470.543,633.427,1444.152,905.428,1141.94,614.131
2014/4/17,1221.566,1682.957,1077.644,1215.82,980.106,1184.199,612.107,1232.465,766.049,1217.891,1509.832,631.75,1439.305,901.866,1143.23,614.772
2014/4/18,1231.185,1690.078,1074.085,1214.135,991.826,1185.078,611.067,1237.312,764.086,1221.315,1505.871,630.887,1441.164,908.338,1146.416,616.388
2014/4/21,1217.07,1665.77,1059.199,1189.782,985.134,1173.529,604.021,1222.716,757.26,1201.989,1484.597,619.938,1431.399,887.363,1130.125,629.206
2014/4/22,1196.926,1656.713,1054.867,1197.602,977.883,1170.003,616.615,1207.187,756.552,1197.966,1471.127,614.951,1426.841,883.311,1119.616,625.322
2014/4/23,1186.624,1662.425,1055.178,1196.337,979.778,1167.686,617.572,1204.66,749.467,1190.27,1458.568,613.972,1412.281,877.405,1119.242,629.314
2014/4/24,1175.507,1658.068,1055.551,1206.239,979.047,1164.321,616.053,1181.838,748.683,1174.529,1450.045,609.577,1414.179,879.497,1109.504,620.465
2014/4/25,1148.647,1627.539,1046.562,1189.797,964.067,1133.895,613.944,1149.216,739.094,1141.217,1418.318,601.097,1396.741,859.65,1086.792,601.726
2014/4/28,1120.624,1582.807,1021.638,1174.75,956.957,1101.113,606.439,1115.806,719.501,1098.472,1401.126,584.181,1359.316,825.266,1053.783,568.345
2014/4/29,1128.302,1590.095,1030.939,1178.558,969.282,1105.951,615.319,1137.452,731.399,1118.689,1417.028,590.602,1376.183,832.865,1069.342,577.601
2014/4/30,1139.898,1586.605,1037.198,1180.577,970.434,1119.494,612.125,1153.798,734.601,1127.07,1433.436,593.031,1399.814,847.844,1077.359,586.788
2014/5/1,2278.104,3172.604,2074.118,2360.551,1939.1,2237.738,1224.701,2304.401,1466.658,2252.522,2890.147,1185.506,2800.293,1694.891,2153.355,1170.653
2014/5/2,2275.573,3175.642,2073.268,2361.06,1938.635,2235.528,1225.701,2302.609,1464.794,2251.336,2915.411,1186.741,2804.779,1693.813,2152.096,1168.129
2014/5/5,1156.454,1598.952,1047.419,1167.092,971.732,1129.073,612.247,1163.887,754.792,1137.593,1447.657,596.289,1406.513,859.317,1088.909,594.135
2014/5/6,1170.049,1606.419,1043.504,1166.072,973.036,1136.424,611.374,1165.914,766.623,1143.298,1478.734,599.532,1414.736,871.8,1096.83,593.85
2014/5/7,1141.975,1580.874,1041.734,1162.758,959.196,1120.719,610.277,1142.149,758.332,1115.211,1442.961,591.638,1392.899,853.754,1079.086,596.553
2014/5/8,1132.759,1595.229,1036.446,1157.376,947.431,1114.757,613.761,1144.402,755.475,1117.034,1427.5,592.043,1388.656,859.683,1077.404,597.759
2014/5/9,1113.693,1618.798,1039.484,1141.369,944.069,1093.728,620.952,1113.69,748.023,1104.786,1403.7,589.538,1385.653,846.606,1069.674,596.791
2014/5/12,1134.498,1719.646,1039.324,1159.017,959.272,1114.561,636.12,1131.202,762.567,1132.021,1425.158,601.556,1401.114,862.209,1093.399,608.556
2014/5/13,1138.57,1696.585,1035.712,1173.48,961.685,1116.785,632.303,1144.963,760.11,1131.947,1422.355,599.054,1402.682,870.25,1090.992,613.358
2014/5/14,1144.987,1694.609,1036.589,1185.625,969.935,1120.673,634.413,1151.282,766.419,1134.397,1416.209,599.102,1396.74,866.217,1091.098,612.009
2014/5/15,1121.76,1657.475,1024.417,1164.553,950.45,1100.033,622.477,1137.546,757.052,1107.125,1400.239,590.39,1386.4,848.252,1071.596,599.228
2014/5/16,1103.422,1652.14,1020.124,1174.898,948.337,1093.111,622.338,1108.372,760.822,1111.264,1367.14,588.77,1366.778,853.015,1069.229,594.885
2014/5/19,1103.855,1647.185,1013.927,1171.134,937.925,1083.491,614.371,1106.095,760.202,1108.247,1375.931,584.823,1372.556,841.081,1063.291,588.158
2014/5/20,1118.903,1635.652,1015.989,1174.486,944.124,1088.337,614.308,1118.462,764.102,1114.337,1404.202,585.213,1379.647,841.636,1067.063,583.611
2014/5/21,1134.744,1652.734,1018.001,1181.635,954.262,1104.883,619.74,1125.972,771.737,1134.375,1410.309,589.705,1389.369,847.999,1076.822,588.188
2014/5/22,1146.675,1635.713,1016.16,1194.906,956.822,1105.036,617.594,1126.802,764.474,1127.502,1425.667,594.315,1392.464,847.82,1076.663,588.14
2014/5/23,1183.008,1637.795,1022.841,1224.841,968.328,1112.515,623.769,1151.539,769.526,1138.219,1441.818,595.884,1416.468,851.664,1087.036,591.749
2014/5/26,1199.713,1648.176,1026.763,1222.785,972.912,1129.564,623.696,1187.344,772.294,1148.254,1458.779,596.816,1438.66,857.958,1101.793,597.941
2014/5/27,1188.977,1634.376,1025.396,1224.09,965.477,1124.52,621.231,1169.388,771.423,1140.662,1448.307,592.816,1424.444,853.643,1099.358,597.103
2014/5/28,1230.501,1646.549,1027.299,1243.26,975.419,1134.145,628.586,1190.189,770.956,1158.403,1474.934,596.416,1445.278,858.944,1114.041,598.261
2014/5/29,1211.32,1621.926,1021.484,1239.659,980.122,1125.88,617.848,1171.622,751.128,1146.763,1438.776,591.321,1418.342,852.306,1101.482,592.907
2014/5/30,1217.503,1635.692,1024.216,1235.366,975.343,1120.537,620.617,1164.128,759.347,1154.936,1453.8,595.207,1391.897,854.533,1105.497,591.695
2014/6/2,1217.503,1635.692,1024.216,1235.366,975.343,1120.537,620.617,1164.128,759.347,1154.936,1453.8,595.207,1391.897,854.533,1105.497,591.695
2014/6/3,1212.976,1653.868,1009.332,1223.242,975.499,1117.856,618.519,1161.925,759.713,1151.745,1469.653,594.979,1409.794,854.169,1104.396,591.428
2014/6/4,1211.12,1631.092,987.622,1200.074,982.506,1105.293,611.838,1167.972,748.113,1140.196,1454.362,592.114,1413.311,840.326,1094.895,587.835
2014/6/5,1238.882,1653.399,978.333,1215.228,995.592,1119.293,617.264,1180.825,753.545,1157.222,1494.393,599.959,1469.105,848.684,1107.414,590.911
2014/6/6,1229.86,1644.923,976.252,1208.378,986.106,1117.35,613.225,1189.153,751.017,1153.537,1483.911,599.559,1455.262,848.046,1106.218,590.58
2014/6/9,1205.982,1637.834,971.747,1213.068,985.171,1121.103,614.186,1169.186,751.15,1166.015,1448.384,596.372,1435.074,846.529,1099.344,587.541
2014/6/10,1234.905,1653.552,974.209,1222.094,993.639,1129.299,625.798,1191.477,757.967,1173.772,1479.141,603.847,1483.793,858.453,1114.555,591.541
2014/6/11,1241.652,1671.363,975.422,1221.711,1006.265,1136.3,624.775,1198.597,758.785,1173.46,1487.711,608.5,1482.983,861.663,1120.656,595.724
2014/6/12,1243.994,1680.143,974.618,1213.017,996.013,1131.522,623.663,1205.536,753.556,1165.572,1473.872,605.914,1483.396,860.969,1118.364,595.349
2014/6/13,1259.097,1692.206,973.989,1219.628,1005.872,1144.67,636.489,1224.805,757.823,1177.631,1495.295,609.13,1496.724,863.375,1133.062,594.588
2014/6/16,1280.477,1712.576,975.66,1212.66,1014.583,1150.829,638.469,1246.898,758.433,1176.105,1498.632,614.435,1519.393,866.412,1140.141,596.763
2014/6/17,1271.435,1694.332,965.373,1206.436,1001.415,1144.899,631.681,1227.704,751.321,1162.099,1468.207,610.503,1506.408,854.648,1128.887,599.254
2014/6/18,1260.186,1711.512,955.151,1204.52,997.896,1140.589,625.361,1207.21,742.178,1148.893,1447.009,607.737,1473.069,849.365,1121.997,599.679
2014/6/19,1208.419,1647.123,935.011,1175.111,983.015,1116.592,613.872,1175.483,722.445,1111.712,1405.397,592.628,1427.406,830.898,1094.288,585.222
2014/6/20,1225.266,1667.304,927.46,1182.913,992.46,1123.407,615.457,1198.508,736.545,1114.107,1418.201,596.659,1435.959,847.434,1104.888,590.176
2014/6/23,1250.752,1705.762,932.04,1188.777,998.398,1128.372,613.554,1218.139,745.63,1128.377,1451.191,599.007,1453.228,851.963,1115.517,592.032
2014/6/24,1254.567,1715.246,934.706,1191.341,1004.819,1132.044,615.88,1226.597,746.285,1131.795,1448.349,600.591,1480.642,852.493,1125.178,594.12
2014/6/25,1241.715,1715.207,934.122,1186.948,1005.035,1129.545,614.082,1221.547,748.116,1124.616,1437.818,599.895,1464.595,849.474,1120.91,593.321
2014/6/26,1269.807,1730.173,942.618,1205.735,1013.385,1154.905,618.484,1244.878,754.094,1141.762,1458.167,604.714,1479.305,864.836,1137.688,596.082
